{
  "::1_axios/1.8.3": {
    "technicalIndicators": 0.29533459188858135,
    "volumeAnalysis": 0.197795908514904,
    "sentimentAnalysis": 0.26267826776663594,
    "historicalPatterns": 0.24419123182987879
  }
}